{
  "name": "isgec-pulse-backend",
  "version": "1.0.0",
  "main": "app.js",
  "type": "module",
  "scripts": {
    "start": "node app.js",
    "dev": "nodemon app.js"
  },
  "dependencies": {
    "express": "^4.18.2",
    "cors": "^2.8.5",
    "dotenv": "^16.3.1",
    "googleapis": "^131.0.0",
    "nodemailer": "^6.9.8",
    "jsonwebtoken": "^9.0.2",
    "bcryptjs": "^2.4.3",
    "body-parser": "^1.20.2",
    "uuid": "^9.0.0",
    "moment": "^2.29.4"
  },
  "devDependencies": {
    "nodemon": "^3.0.1"
  }
}